,Best Score,Mean Score,Standard Deviation
mixed clr,0.6801801801801802,0.6253908617137316,0.02582162575409253
