,Best Score,Mean Score,Standard Deviation
mixed clr,0.9244712990936556,0.9092822484665385,0.010822586544359412
