,Best Score,Mean Score,Standard Deviation
mixed clr,0.9376947040498442,0.9201466689886033,0.015427666754082602
