,Best Score,Mean Score,Standard Deviation
mixed clr,0.9294117647058824,0.9098672566371683,0.01237333225831121
