,Best Score,Mean Score,Standard Deviation
random_forest standard_scalar,0.49642857142857144,0.47287747839349265,0.017741300526085337
