,Best Score,Mean Score,Standard Deviation
random_forest standard_scalar,0.8693693693693694,0.8545812628772271,0.012755268906869779
