,Best Score,Mean Score,Standard Deviation
random_forest standard_scalar,0.8247011952191236,0.8101040283311199,0.01551930086152712
