,Best Score,Mean Score,Standard Deviation
random_forest standard_scalar,0.6936936936936937,0.6627540096149962,0.024838775393991493
