,Best Score,Mean Score,Standard Deviation
random_forest standard_scalar,0.8664596273291926,0.8455534916120044,0.011326529237169073
