,Best Score,Mean Score,Standard Deviation
random_forest standard_scalar,0.9147058823529411,0.8886500086760367,0.0227580174155536
