,Best Score,Mean Score,Standard Deviation
mixed clr,0.48928571428571427,0.45396797153024915,0.020059731088203532
