,Best Score,Mean Score,Standard Deviation
mixed clr,0.8884462151394422,0.8578954025169164,0.02164475098178349
