,Best Score,Mean Score,Standard Deviation
random_forest standard_scalar,0.5632183908045977,0.5437371058060714,0.017802242567346794
