,Best Score,Mean Score,Standard Deviation
random_forest standard_scalar,0.8787878787878788,0.859092740089719,0.01835276247396861
