,Best Score,Mean Score,Standard Deviation
mixed clr,0.5440613026819924,0.509192455054524,0.024494346882423332
