,Best Score,Mean Score,Standard Deviation
mixed clr,0.9607250755287009,0.9304330312185296,0.016858937723884727
