,Best Score,Mean Score,Standard Deviation
random_forest standard_scalar,0.9244712990936556,0.9068726540327748,0.01449370074646695
