,Best Score,Mean Score,Standard Deviation
mixed clr,0.8873873873873874,0.8419726901789681,0.021184158821220715
